transaction_id,property_id,user_id,landlord_id,tenant_name,tenant_address,tenant_phone,landlord_address,landlord_name,acc_holder_name,acc_number,bank_name,bank_ifsc,mode_of_payment,date,rent_month,rent_amount,remarks,receipt,rent_receipt
49,1,1,1,John,"26/11 Banjara Hills",1234567890,"hyderabad telangana",John,Daniel,6693001500000076,"Punjab National Bank",PUNB0011223,Rent,2018-11-06,11-2018,,,
50,1,1,1,John,"26/11 Banjara Hills",1234567890,"hyderabad telangana",John,Daniel,6693001500000076,"Punjab National Bank",PUNB0011223,Rent,2018-11-06,11-2018,,,
51,1,1,1,John,"26/11 Banjara Hills",1234567890,"hyderabad telangana",John,Daniel,6693001500000076,"Punjab National Bank",PUNB0011223,Rent,2018-11-06,11-2018,assa,,
52,1,1,1,John,"26/11 Banjara Hills",1234567890,"hyderabad telangana",John,Daniel,6693001500000076,"Punjab National Bank",PUNB0011223,Rent,2018-11-06,11-2018,,,
53,1,1,1,John,"26/11 Banjara Hills",1234567890,"hyderabad telangana",John,Daniel,6693001500000076,"Punjab National Bank",PUNB0011223,Rent,2018-11-06,11-2018,,,
54,1,1,1,John,"26/11 Banjara Hills",1234567890,"hyderabad telangana",John,Daniel,6693001500000076,"Punjab National Bank",PUNB0011223,Rent,2018-11-08,11-2018,dssd,,
55,1,1,1,John,"26/11 Banjara Hills",1234567890,"hyderabad telangana",John,Daniel,6693001500000076,"Punjab National Bank",PUNB0011223,Rent,2018-11-08,11-2018,huy,,
56,1,1,1,John,"26/11 Banjara Hills",1234567890,"hyderabad telangana",John,Daniel,6693001500000076,"Punjab National Bank",PUNB0011223,Rent,2018-11-08,11-2018,,,
57,1,1,1,John,"26/11 Banjara Hills",1234567890,"hyderabad telangana",John,Daniel,6693001500000076,"Punjab National Bank",PUNB0011223,Rent,2018-11-08,11-2018,ssd,,
58,1,1,1,John,"26/11 Banjara Hills",1234567890,"hyderabad telangana",John,Daniel,6693001500000076,"Punjab National Bank",PUNB0011223,Rent,2018-11-08,11-2018,,,
59,1,1,1,John,"26/11 Banjara Hills",1234567890,"hyderabad telangana",John,Daniel,6693001500000076,"Punjab National Bank",PUNB0011223,Rent,2018-11-08,11-2018,,,
60,1,1,1,John,"26/11 Banjara Hills",1234567890,"hyderabad telangana",John,Daniel,6693001500000076,"Punjab National Bank",PUNB0011223,Rent,2018-11-08,11-2018,,,
61,1,1,1,John,"26/11 Banjara Hills",1234567890,"hyderabad telangana",John,Daniel,6693001500000076,"Punjab National Bank",PUNB0011223,Rent,2018-11-08,11-2018,,,
62,1,1,1,John,"26/11 Banjara Hills",1234567890,"hyderabad telangana",John,Daniel,6693001500000076,"Punjab National Bank",PUNB0011223,Rent,2018-11-08,11-2018,,,
63,1,1,1,John,"26/11 Banjara Hills",1234567890,"hyderabad telangana",John,Daniel,6693001500000076,"Punjab National Bank",PUNB0011223,Rent,2018-11-08,11-2018,,,
64,1,1,1,John,"26/11 Banjara Hills",1234567890,"hyderabad telangana",John,Daniel,6693001500000076,"Punjab National Bank",PUNB0011223,Rent,2018-11-08,11-2018,sadsa,,
65,1,1,1,John,"26/11 Banjara Hills",1234567890,"hyderabad telangana",John,Daniel,6693001500000076,"Punjab National Bank",PUNB0011223,Rent,2018-11-08,11-2018,,,
66,1,1,1,John,"26/11 Banjara Hills",1234567890,"hyderabad telangana",John,Daniel,6693001500000076,"Punjab National Bank",PUNB0011223,Rent,2018-11-08,11-2018,,,
67,1,1,1,John,"26/11 Banjara Hills",1234567890,"hyderabad telangana",John,Daniel,6693001500000076,"Punjab National Bank",PUNB0011223,Rent,2018-11-08,11-2018,,,
68,1,1,1,John,"26/11 Banjara Hills",1234567890,"hyderabad telangana",John,Daniel,6693001500000076,"Punjab National Bank",PUNB0011223,Rent,2018-11-08,11-2018,,,
69,1,1,1,John,"26/11 Banjara Hills",1234567890,"hyderabad telangana",John,Daniel,6693001500000076,"Punjab National Bank",PUNB0011223,Rent,2018-11-08,11-2018,,,
70,1,1,1,John,"26/11 Banjara Hills",1234567890,"hyderabad telangana",John,Daniel,6693001500000076,"Punjab National Bank",PUNB0011223,Rent,2018-11-08,11-2018,dsjksd,,
71,1,1,1,John,"26/11 Banjara Hills",1234567890,"hyderabad telangana",John,Daniel,6693001500000076,"Punjab National Bank",PUNB0011223,Rent,2018-11-08,11-2018,sdfsd,,
72,1,1,1,John,"26/11 Banjara Hills",1234567890,"hyderabad telangana",John,Daniel,6693001500000076,"Punjab National Bank",PUNB0011223,Rent,2018-11-08,11-2018,sdsd,,
73,1,1,1,John,"26/11 Banjara Hills",1234567890,"hyderabad telangana",John,Daniel,6693001500000076,"Punjab National Bank",PUNB0011223,Rent,2018-11-08,11-2018,sdsd,,
74,1,1,1,John,"26/11 Banjara Hills",1234567890,"hyderabad telangana",John,Daniel,6693001500000076,"Punjab National Bank",PUNB0011223,Rent,2018-11-08,11-2018,sesfd,,
75,1,1,1,John,"26/11 Banjara Hills",1234567890,"hyderabad telangana",John,Daniel,6693001500000076,"Punjab National Bank",PUNB0011223,Rent,2018-11-08,11-2018,werfe,,
76,1,1,1,John,"26/11 Banjara Hills",1234567890,"hyderabad telangana",John,Daniel,6693001500000076,"Punjab National Bank",PUNB0011223,Rent,2018-11-08,11-2018,uioiwer,,
77,1,1,1,John,"26/11 Banjara Hills",1234567890,"hyderabad telangana",John,Daniel,6693001500000076,"Punjab National Bank",PUNB0011223,Rent,2018-11-08,11-2018,gdf,,
78,1,1,1,John,"26/11 Banjara Hills",1234567890,"hyderabad telangana",John,Daniel,6693001500000076,"Punjab National Bank",PUNB0011223,Rent,2018-11-08,11-2018,ddsasa,,
79,1,1,1,John,"26/11 Banjara Hills",1234567890,"hyderabad telangana",John,Daniel,6693001500000076,"Punjab National Bank",PUNB0011223,Rent,2018-11-08,11-2018,eads,assa,asbhjbhas
80,1,1,1,John,"26/11 Banjara Hills",1234567890,"hyderabad telangana",John,Daniel,6693001500000076,"Punjab National Bank",PUNB0011223,Rent,2018-11-08,11-2018,,gcGknB6ziy8Y7PuV.pdf,asbhjbhas
81,1,1,1,John,"26/11 Banjara Hills",1234567890,"hyderabad telangana",John,Daniel,6693001500000076,"Punjab National Bank",PUNB0011223,Rent,2018-11-08,11-2018,,y1ejczqrScvpZnua.pdf,6fgaYKcRGrwYOoGx.pdf
82,1,1,1,John,"26/11 Banjara Hills",1234567890,"hyderabad telangana",John,Daniel,6693001500000076,"Punjab National Bank",PUNB0011223,Rent,2018-11-08,11-2018,bgbghjb,l5jw2n0H49w7oJ1B.pdf,jlPKVY7Zf6U8leK3.pdf
83,1,1,1,John,"26/11 Banjara Hills",1234567890,"hyderabad telangana",John,Daniel,6693001500000076,"Punjab National Bank",PUNB0011223,Rent,2018-11-08,11-2018,fdsfds,SBjRwMgLfIxVsqxO.pdf,Qw2NPCT2nEuYfIbm.pdf
84,1,1,1,John,"26/11 Banjara Hills",1234567890,"hyderabad telangana",John,Daniel,6693001500000076,"Punjab National Bank",PUNB0011223,Rent,2018-11-08,11-2018,"payment for this month",Q4aaRXR30UtHJw5I.pdf,3Y2y6jwsXxZqlx7Q.pdf
85,1,1,1,John,"26/11 Banjara Hills",1234567890,"hyderabad telangana",John,Daniel,6693001500000076,"Punjab National Bank",PUNB0011223,Rent,2018-11-08,11-2018,hbjh,hbDWcPpjWEbqcOqO.pdf,GyisaVX4sI57DUMd.pdf
86,1,1,1,John,"26/11 Banjara Hills",1234567890,"hyderabad telangana",John,Daniel,6693001500000076,"Punjab National Bank",PUNB0011223,Rent,2018-11-08,11-2018,bbjj,,
87,1,1,1,John,"26/11 Banjara Hills",1234567890,"hyderabad telangana",John,Daniel,6693001500000076,"Punjab National Bank",PUNB0011223,Rent,2018-11-08,11-2018,payment,CUao5cqS4wRY2DXS.pdf,jRPdqfiXVlw0rmeu.pdf
88,1,1,1,John,"26/11 Banjara Hills",1234567890,"hyderabad telangana",John,Daniel,6693001500000076,"Punjab National Bank",PUNB0011223,Rent,2018-11-08,11-2018,dfdfzz,pYtvMqTGE34cwulH.pdf,W3V7eJowMSSw7Vg5.pdf
89,1,1,1,John,"26/11 Banjara Hills",1234567890,"hyderabad telangana",John,Daniel,6693001500000076,"Punjab National Bank",PUNB0011223,Rent,2018-11-08,11-2018,,kEZr1qdatq71KfTx.pdf,KH9k4dqXzYFTJBeW.pdf
90,1,1,1,John,"26/11 Banjara Hills",1234567890,"hyderabad telangana",John,Daniel,6693001500000076,"Punjab National Bank",PUNB0011223,Rent,2018-11-09,11-2018,hvjhjk,crbAS15PI1ENZsLM.pdf,5szw7Zk1MlWgluKG.pdf
91,1,1,1,John,"26/11 Banjara Hills",1234567890,"hyderabad telangana",John,Daniel,6693001500000076,"Punjab National Bank",PUNB0011223,Rent,2018-11-09,11-2018,,kpC3FrBEHE5jFlBJ.pdf,59Amoo4gHMLH1w23.pdf
